n, bs, time, c
10000, 5, 0.174453, 32
20000, 5, 0.257407, 32
40000, 5, 0.570948, 32
80000, 5, 1.23793, 32
160000, 5, 2.45047, 32
320000, 5, 6.3804, 32
