n, bs, time, c
10000, , 0.949566, 1
20000, , 2.07432, 1
40000, , 4.43689, 1
80000, , 9.3683, 1
160000, , 21.7812, 1
320000, , 56.2218, 1
