n, bs, time, c
10000, 6, 0.913706, 1
20000, 6, 1.30243, 2
40000, 6, 1.53025, 4
80000, 6, 1.88924, 8
160000, 6, 2.99733, 16
320000, 6, 4.87515, 32
